[
    {
        "Name":  "AdtAgent",
        "DisplayName":  "Microsoft Monitoring Agent Audit Forwarding",
        "Status":  1,
        "MachineName":  "chi-dc04",
        "Audit":  "06/04/20"
    },
    {
        "Name":  "ADWS",
        "DisplayName":  "Active Directory Web Services",
        "Status":  4,
        "MachineName":  "chi-dc04",
        "Audit":  "06/04/20"
    },
    {
        "Name":  "AeLookupSvc",
        "DisplayName":  "Application Experience",
        "Status":  1,
        "MachineName":  "chi-dc04",
        "Audit":  "06/04/20"
    },
    {
        "Name":  "ALG",
        "DisplayName":  "Application Layer Gateway Service",
        "Status":  1,
        "MachineName":  "chi-dc04",
        "Audit":  "06/04/20"
    },
    {
        "Name":  "AllUserInstallAgent",
        "DisplayName":  "Windows All-User Install Agent",
        "Status":  1,
        "MachineName":  "chi-dc04",
        "Audit":  "06/04/20"
    },
    {
        "Name":  "AppHostSvc",
        "DisplayName":  "Application Host Helper Service",
        "Status":  4,
        "MachineName":  "chi-dc04",
        "Audit":  "06/04/20"
    },
    {
        "Name":  "AppIDSvc",
        "DisplayName":  "Application Identity",
        "Status":  1,
        "MachineName":  "chi-dc04",
        "Audit":  "06/04/20"
    },
    {
        "Name":  "Appinfo",
        "DisplayName":  "Application Information",
        "Status":  4,
        "MachineName":  "chi-dc04",
        "Audit":  "06/04/20"
    },
    {
        "Name":  "AppMgmt",
        "DisplayName":  "Application Management",
        "Status":  1,
        "MachineName":  "chi-dc04",
        "Audit":  "06/04/20"
    },
    {
        "Name":  "aspnet_state",
        "DisplayName":  "ASP.NET State Service",
        "Status":  1,
        "MachineName":  "chi-dc04",
        "Audit":  "06/04/20"
    },
    {
        "Name":  "AudioEndpointBuilder",
        "DisplayName":  "Windows Audio Endpoint Builder",
        "Status":  1,
        "MachineName":  "chi-dc04",
        "Audit":  "06/04/20"
    },
    {
        "Name":  "Audiosrv",
        "DisplayName":  "Windows Audio",
        "Status":  1,
        "MachineName":  "chi-dc04",
        "Audit":  "06/04/20"
    },
    {
        "Name":  "BFE",
        "DisplayName":  "Base Filtering Engine",
        "Status":  4,
        "MachineName":  "chi-dc04",
        "Audit":  "06/04/20"
    },
    {
        "Name":  "BITS",
        "DisplayName":  "Background Intelligent Transfer Service",
        "Status":  4,
        "MachineName":  "chi-dc04",
        "Audit":  "06/04/20"
    },
    {
        "Name":  "BrokerInfrastructure",
        "DisplayName":  "Background Tasks Infrastructure Service",
        "Status":  4,
        "MachineName":  "chi-dc04",
        "Audit":  "06/04/20"
    },
    {
        "Name":  "Browser",
        "DisplayName":  "Computer Browser",
        "Status":  4,
        "MachineName":  "chi-dc04",
        "Audit":  "06/04/20"
    },
    {
        "Name":  "CertPropSvc",
        "DisplayName":  "Certificate Propagation",
        "Status":  4,
        "MachineName":  "chi-dc04",
        "Audit":  "06/04/20"
    },
    {
        "Name":  "CertSvc",
        "DisplayName":  "Active Directory Certificate Services",
        "Status":  4,
        "MachineName":  "chi-dc04",
        "Audit":  "06/04/20"
    },
    {
        "Name":  "COMSysApp",
        "DisplayName":  "COM+ System Application",
        "Status":  1,
        "MachineName":  "chi-dc04",
        "Audit":  "06/04/20"
    },
    {
        "Name":  "CryptSvc",
        "DisplayName":  "Cryptographic Services",
        "Status":  4,
        "MachineName":  "chi-dc04",
        "Audit":  "06/04/20"
    },
    {
        "Name":  "DcomLaunch",
        "DisplayName":  "DCOM Server Process Launcher",
        "Status":  4,
        "MachineName":  "chi-dc04",
        "Audit":  "06/04/20"
    },
    {
        "Name":  "ddpsvc",
        "DisplayName":  "Data Deduplication Service",
        "Status":  1,
        "MachineName":  "chi-dc04",
        "Audit":  "06/04/20"
    },
    {
        "Name":  "ddpvssvc",
        "DisplayName":  "Data Deduplication Volume Shadow Copy Service",
        "Status":  4,
        "MachineName":  "chi-dc04",
        "Audit":  "06/04/20"
    },
    {
        "Name":  "defragsvc",
        "DisplayName":  "Optimize drives",
        "Status":  1,
        "MachineName":  "chi-dc04",
        "Audit":  "06/04/20"
    },
    {
        "Name":  "DeviceAssociationService",
        "DisplayName":  "Device Association Service",
        "Status":  1,
        "MachineName":  "chi-dc04",
        "Audit":  "06/04/20"
    },
    {
        "Name":  "DeviceInstall",
        "DisplayName":  "Device Install Service",
        "Status":  1,
        "MachineName":  "chi-dc04",
        "Audit":  "06/04/20"
    },
    {
        "Name":  "Dfs",
        "DisplayName":  "DFS Namespace",
        "Status":  4,
        "MachineName":  "chi-dc04",
        "Audit":  "06/04/20"
    },
    {
        "Name":  "DFSR",
        "DisplayName":  "DFS Replication",
        "Status":  4,
        "MachineName":  "chi-dc04",
        "Audit":  "06/04/20"
    },
    {
        "Name":  "Dhcp",
        "DisplayName":  "DHCP Client",
        "Status":  4,
        "MachineName":  "chi-dc04",
        "Audit":  "06/04/20"
    },
    {
        "Name":  "DHCPServer",
        "DisplayName":  "DHCP Server",
        "Status":  1,
        "MachineName":  "chi-dc04",
        "Audit":  "06/04/20"
    },
    {
        "Name":  "DNS",
        "DisplayName":  "DNS Server",
        "Status":  4,
        "MachineName":  "chi-dc04",
        "Audit":  "06/04/20"
    },
    {
        "Name":  "Dnscache",
        "DisplayName":  "DNS Client",
        "Status":  4,
        "MachineName":  "chi-dc04",
        "Audit":  "06/04/20"
    },
    {
        "Name":  "dot3svc",
        "DisplayName":  "Wired AutoConfig",
        "Status":  1,
        "MachineName":  "chi-dc04",
        "Audit":  "06/04/20"
    },
    {
        "Name":  "DPS",
        "DisplayName":  "Diagnostic Policy Service",
        "Status":  4,
        "MachineName":  "chi-dc04",
        "Audit":  "06/04/20"
    },
    {
        "Name":  "DsmSvc",
        "DisplayName":  "Device Setup Manager",
        "Status":  1,
        "MachineName":  "chi-dc04",
        "Audit":  "06/04/20"
    },
    {
        "Name":  "DsRoleSvc",
        "DisplayName":  "DS Role Server",
        "Status":  1,
        "MachineName":  "chi-dc04",
        "Audit":  "06/04/20"
    },
    {
        "Name":  "Eaphost",
        "DisplayName":  "Extensible Authentication Protocol",
        "Status":  1,
        "MachineName":  "chi-dc04",
        "Audit":  "06/04/20"
    },
    {
        "Name":  "EFS",
        "DisplayName":  "Encrypting File System (EFS)",
        "Status":  1,
        "MachineName":  "chi-dc04",
        "Audit":  "06/04/20"
    },
    {
        "Name":  "EventLog",
        "DisplayName":  "Windows Event Log",
        "Status":  4,
        "MachineName":  "chi-dc04",
        "Audit":  "06/04/20"
    },
    {
        "Name":  "EventSystem",
        "DisplayName":  "COM+ Event System",
        "Status":  4,
        "MachineName":  "chi-dc04",
        "Audit":  "06/04/20"
    },
    {
        "Name":  "fdPHost",
        "DisplayName":  "Function Discovery Provider Host",
        "Status":  1,
        "MachineName":  "chi-dc04",
        "Audit":  "06/04/20"
    },
    {
        "Name":  "FDResPub",
        "DisplayName":  "Function Discovery Resource Publication",
        "Status":  1,
        "MachineName":  "chi-dc04",
        "Audit":  "06/04/20"
    },
    {
        "Name":  "FontCache",
        "DisplayName":  "Windows Font Cache Service",
        "Status":  4,
        "MachineName":  "chi-dc04",
        "Audit":  "06/04/20"
    },
    {
        "Name":  "gpsvc",
        "DisplayName":  "Group Policy Client",
        "Status":  4,
        "MachineName":  "chi-dc04",
        "Audit":  "06/04/20"
    },
    {
        "Name":  "HealthService",
        "DisplayName":  "Microsoft Monitoring Agent",
        "Status":  4,
        "MachineName":  "chi-dc04",
        "Audit":  "06/04/20"
    },
    {
        "Name":  "hidserv",
        "DisplayName":  "Human Interface Device Access",
        "Status":  1,
        "MachineName":  "chi-dc04",
        "Audit":  "06/04/20"
    },
    {
        "Name":  "hkmsvc",
        "DisplayName":  "Health Key and Certificate Management",
        "Status":  1,
        "MachineName":  "chi-dc04",
        "Audit":  "06/04/20"
    },
    {
        "Name":  "IISADMIN",
        "DisplayName":  "IIS Admin Service",
        "Status":  4,
        "MachineName":  "chi-dc04",
        "Audit":  "06/04/20"
    },
    {
        "Name":  "IKEEXT",
        "DisplayName":  "IKE and AuthIP IPsec Keying Modules",
        "Status":  4,
        "MachineName":  "chi-dc04",
        "Audit":  "06/04/20"
    },
    {
        "Name":  "iphlpsvc",
        "DisplayName":  "IP Helper",
        "Status":  4,
        "MachineName":  "chi-dc04",
        "Audit":  "06/04/20"
    },
    {
        "Name":  "IsmServ",
        "DisplayName":  "Intersite Messaging",
        "Status":  4,
        "MachineName":  "chi-dc04",
        "Audit":  "06/04/20"
    },
    {
        "Name":  "Kdc",
        "DisplayName":  "Kerberos Key Distribution Center",
        "Status":  4,
        "MachineName":  "chi-dc04",
        "Audit":  "06/04/20"
    },
    {
        "Name":  "KdsSvc",
        "DisplayName":  "Microsoft Key Distribution Service",
        "Status":  1,
        "MachineName":  "chi-dc04",
        "Audit":  "06/04/20"
    },
    {
        "Name":  "KeyIso",
        "DisplayName":  "CNG Key Isolation",
        "Status":  4,
        "MachineName":  "chi-dc04",
        "Audit":  "06/04/20"
    },
    {
        "Name":  "KPSSVC",
        "DisplayName":  "KDC Proxy Server service (KPS)",
        "Status":  1,
        "MachineName":  "chi-dc04",
        "Audit":  "06/04/20"
    },
    {
        "Name":  "KtmRm",
        "DisplayName":  "KtmRm for Distributed Transaction Coordinator",
        "Status":  1,
        "MachineName":  "chi-dc04",
        "Audit":  "06/04/20"
    },
    {
        "Name":  "LanmanServer",
        "DisplayName":  "Server",
        "Status":  4,
        "MachineName":  "chi-dc04",
        "Audit":  "06/04/20"
    },
    {
        "Name":  "LanmanWorkstation",
        "DisplayName":  "Workstation",
        "Status":  4,
        "MachineName":  "chi-dc04",
        "Audit":  "06/04/20"
    },
    {
        "Name":  "lltdsvc",
        "DisplayName":  "Link-Layer Topology Discovery Mapper",
        "Status":  1,
        "MachineName":  "chi-dc04",
        "Audit":  "06/04/20"
    },
    {
        "Name":  "lmhosts",
        "DisplayName":  "TCP/IP NetBIOS Helper",
        "Status":  4,
        "MachineName":  "chi-dc04",
        "Audit":  "06/04/20"
    },
    {
        "Name":  "LSM",
        "DisplayName":  "Local Session Manager",
        "Status":  4,
        "MachineName":  "chi-dc04",
        "Audit":  "06/04/20"
    },
    {
        "Name":  "MMCSS",
        "DisplayName":  "Multimedia Class Scheduler",
        "Status":  1,
        "MachineName":  "chi-dc04",
        "Audit":  "06/04/20"
    },
    {
        "Name":  "MpsSvc",
        "DisplayName":  "Windows Firewall",
        "Status":  4,
        "MachineName":  "chi-dc04",
        "Audit":  "06/04/20"
    },
    {
        "Name":  "MSDTC",
        "DisplayName":  "Distributed Transaction Coordinator",
        "Status":  4,
        "MachineName":  "chi-dc04",
        "Audit":  "06/04/20"
    },
    {
        "Name":  "MSiSCSI",
        "DisplayName":  "Microsoft iSCSI Initiator Service",
        "Status":  1,
        "MachineName":  "chi-dc04",
        "Audit":  "06/04/20"
    },
    {
        "Name":  "msiserver",
        "DisplayName":  "Windows Installer",
        "Status":  1,
        "MachineName":  "chi-dc04",
        "Audit":  "06/04/20"
    },
    {
        "Name":  "napagent",
        "DisplayName":  "Network Access Protection Agent",
        "Status":  1,
        "MachineName":  "chi-dc04",
        "Audit":  "06/04/20"
    },
    {
        "Name":  "NcaSvc",
        "DisplayName":  "Network Connectivity Assistant",
        "Status":  1,
        "MachineName":  "chi-dc04",
        "Audit":  "06/04/20"
    },
    {
        "Name":  "Netlogon",
        "DisplayName":  "Netlogon",
        "Status":  4,
        "MachineName":  "chi-dc04",
        "Audit":  "06/04/20"
    },
    {
        "Name":  "Netman",
        "DisplayName":  "Network Connections",
        "Status":  1,
        "MachineName":  "chi-dc04",
        "Audit":  "06/04/20"
    },
    {
        "Name":  "netprofm",
        "DisplayName":  "Network List Service",
        "Status":  4,
        "MachineName":  "chi-dc04",
        "Audit":  "06/04/20"
    },
    {
        "Name":  "NetTcpPortSharing",
        "DisplayName":  "Net.Tcp Port Sharing Service",
        "Status":  1,
        "MachineName":  "chi-dc04",
        "Audit":  "06/04/20"
    },
    {
        "Name":  "NlaSvc",
        "DisplayName":  "Network Location Awareness",
        "Status":  4,
        "MachineName":  "chi-dc04",
        "Audit":  "06/04/20"
    },
    {
        "Name":  "nsi",
        "DisplayName":  "Network Store Interface Service",
        "Status":  4,
        "MachineName":  "chi-dc04",
        "Audit":  "06/04/20"
    },
    {
        "Name":  "NTDS",
        "DisplayName":  "Active Directory Domain Services",
        "Status":  4,
        "MachineName":  "chi-dc04",
        "Audit":  "06/04/20"
    },
    {
        "Name":  "NtFrs",
        "DisplayName":  "File Replication Service",
        "Status":  4,
        "MachineName":  "chi-dc04",
        "Audit":  "06/04/20"
    },
    {
        "Name":  "OcspSvc",
        "DisplayName":  "Online Responder Service",
        "Status":  4,
        "MachineName":  "chi-dc04",
        "Audit":  "06/04/20"
    },
    {
        "Name":  "PerfHost",
        "DisplayName":  "Performance Counter DLL Host",
        "Status":  1,
        "MachineName":  "chi-dc04",
        "Audit":  "06/04/20"
    },
    {
        "Name":  "pla",
        "DisplayName":  "Performance Logs \u0026 Alerts",
        "Status":  4,
        "MachineName":  "chi-dc04",
        "Audit":  "06/04/20"
    },
    {
        "Name":  "PlugPlay",
        "DisplayName":  "Plug and Play",
        "Status":  4,
        "MachineName":  "chi-dc04",
        "Audit":  "06/04/20"
    },
    {
        "Name":  "PolicyAgent",
        "DisplayName":  "IPsec Policy Agent",
        "Status":  1,
        "MachineName":  "chi-dc04",
        "Audit":  "06/04/20"
    },
    {
        "Name":  "Power",
        "DisplayName":  "Power",
        "Status":  4,
        "MachineName":  "chi-dc04",
        "Audit":  "06/04/20"
    },
    {
        "Name":  "PrintNotify",
        "DisplayName":  "Printer Extensions and Notifications",
        "Status":  1,
        "MachineName":  "chi-dc04",
        "Audit":  "06/04/20"
    },
    {
        "Name":  "ProfSvc",
        "DisplayName":  "User Profile Service",
        "Status":  4,
        "MachineName":  "chi-dc04",
        "Audit":  "06/04/20"
    },
    {
        "Name":  "RasAuto",
        "DisplayName":  "Remote Access Auto Connection Manager",
        "Status":  1,
        "MachineName":  "chi-dc04",
        "Audit":  "06/04/20"
    },
    {
        "Name":  "RasMan",
        "DisplayName":  "Remote Access Connection Manager",
        "Status":  1,
        "MachineName":  "chi-dc04",
        "Audit":  "06/04/20"
    },
    {
        "Name":  "RemoteAccess",
        "DisplayName":  "Routing and Remote Access",
        "Status":  1,
        "MachineName":  "chi-dc04",
        "Audit":  "06/04/20"
    },
    {
        "Name":  "RemoteRegistry",
        "DisplayName":  "Remote Registry",
        "Status":  1,
        "MachineName":  "chi-dc04",
        "Audit":  "06/04/20"
    },
    {
        "Name":  "RpcEptMapper",
        "DisplayName":  "RPC Endpoint Mapper",
        "Status":  4,
        "MachineName":  "chi-dc04",
        "Audit":  "06/04/20"
    },
    {
        "Name":  "RpcLocator",
        "DisplayName":  "Remote Procedure Call (RPC) Locator",
        "Status":  1,
        "MachineName":  "chi-dc04",
        "Audit":  "06/04/20"
    },
    {
        "Name":  "RpcSs",
        "DisplayName":  "Remote Procedure Call (RPC)",
        "Status":  4,
        "MachineName":  "chi-dc04",
        "Audit":  "06/04/20"
    },
    {
        "Name":  "RSoPProv",
        "DisplayName":  "Resultant Set of Policy Provider",
        "Status":  1,
        "MachineName":  "chi-dc04",
        "Audit":  "06/04/20"
    },
    {
        "Name":  "sacsvr",
        "DisplayName":  "Special Administration Console Helper",
        "Status":  1,
        "MachineName":  "chi-dc04",
        "Audit":  "06/04/20"
    },
    {
        "Name":  "SamSs",
        "DisplayName":  "Security Accounts Manager",
        "Status":  4,
        "MachineName":  "chi-dc04",
        "Audit":  "06/04/20"
    },
    {
        "Name":  "SCardSvr",
        "DisplayName":  "Smart Card",
        "Status":  1,
        "MachineName":  "chi-dc04",
        "Audit":  "06/04/20"
    },
    {
        "Name":  "Schedule",
        "DisplayName":  "Task Scheduler",
        "Status":  4,
        "MachineName":  "chi-dc04",
        "Audit":  "06/04/20"
    },
    {
        "Name":  "SCPolicySvc",
        "DisplayName":  "Smart Card Removal Policy",
        "Status":  1,
        "MachineName":  "chi-dc04",
        "Audit":  "06/04/20"
    },
    {
        "Name":  "seclogon",
        "DisplayName":  "Secondary Logon",
        "Status":  1,
        "MachineName":  "chi-dc04",
        "Audit":  "06/04/20"
    },
    {
        "Name":  "SENS",
        "DisplayName":  "System Event Notification Service",
        "Status":  4,
        "MachineName":  "chi-dc04",
        "Audit":  "06/04/20"
    },
    {
        "Name":  "SessionEnv",
        "DisplayName":  "Remote Desktop Configuration",
        "Status":  4,
        "MachineName":  "chi-dc04",
        "Audit":  "06/04/20"
    },
    {
        "Name":  "SharedAccess",
        "DisplayName":  "Internet Connection Sharing (ICS)",
        "Status":  1,
        "MachineName":  "chi-dc04",
        "Audit":  "06/04/20"
    },
    {
        "Name":  "ShellHWDetection",
        "DisplayName":  "Shell Hardware Detection",
        "Status":  4,
        "MachineName":  "chi-dc04",
        "Audit":  "06/04/20"
    },
    {
        "Name":  "SNMPTRAP",
        "DisplayName":  "SNMP Trap",
        "Status":  1,
        "MachineName":  "chi-dc04",
        "Audit":  "06/04/20"
    },
    {
        "Name":  "Spooler",
        "DisplayName":  "Print Spooler",
        "Status":  1,
        "MachineName":  "chi-dc04",
        "Audit":  "06/04/20"
    },
    {
        "Name":  "sppsvc",
        "DisplayName":  "Software Protection",
        "Status":  1,
        "MachineName":  "chi-dc04",
        "Audit":  "06/04/20"
    },
    {
        "Name":  "SSDPSRV",
        "DisplayName":  "SSDP Discovery",
        "Status":  1,
        "MachineName":  "chi-dc04",
        "Audit":  "06/04/20"
    },
    {
        "Name":  "SstpSvc",
        "DisplayName":  "Secure Socket Tunneling Protocol Service",
        "Status":  1,
        "MachineName":  "chi-dc04",
        "Audit":  "06/04/20"
    },
    {
        "Name":  "svsvc",
        "DisplayName":  "Spot Verifier",
        "Status":  1,
        "MachineName":  "chi-dc04",
        "Audit":  "06/04/20"
    },
    {
        "Name":  "swprv",
        "DisplayName":  "Microsoft Software Shadow Copy Provider",
        "Status":  1,
        "MachineName":  "chi-dc04",
        "Audit":  "06/04/20"
    },
    {
        "Name":  "SysMain",
        "DisplayName":  "Superfetch",
        "Status":  1,
        "MachineName":  "chi-dc04",
        "Audit":  "06/04/20"
    },
    {
        "Name":  "System Center Management APM",
        "DisplayName":  "Microsoft Monitoring Agent APM",
        "Status":  1,
        "MachineName":  "chi-dc04",
        "Audit":  "06/04/20"
    },
    {
        "Name":  "TapiSrv",
        "DisplayName":  "Telephony",
        "Status":  1,
        "MachineName":  "chi-dc04",
        "Audit":  "06/04/20"
    },
    {
        "Name":  "TermService",
        "DisplayName":  "Remote Desktop Services",
        "Status":  4,
        "MachineName":  "chi-dc04",
        "Audit":  "06/04/20"
    },
    {
        "Name":  "Themes",
        "DisplayName":  "Themes",
        "Status":  1,
        "MachineName":  "chi-dc04",
        "Audit":  "06/04/20"
    },
    {
        "Name":  "THREADORDER",
        "DisplayName":  "Thread Ordering Server",
        "Status":  1,
        "MachineName":  "chi-dc04",
        "Audit":  "06/04/20"
    },
    {
        "Name":  "TlntSvr",
        "DisplayName":  "Telnet",
        "Status":  1,
        "MachineName":  "chi-dc04",
        "Audit":  "06/04/20"
    },
    {
        "Name":  "TrkWks",
        "DisplayName":  "Distributed Link Tracking Client",
        "Status":  1,
        "MachineName":  "chi-dc04",
        "Audit":  "06/04/20"
    },
    {
        "Name":  "TrustedInstaller",
        "DisplayName":  "Windows Modules Installer",
        "Status":  1,
        "MachineName":  "chi-dc04",
        "Audit":  "06/04/20"
    },
    {
        "Name":  "UALSVC",
        "DisplayName":  "User Access Logging Service",
        "Status":  4,
        "MachineName":  "chi-dc04",
        "Audit":  "06/04/20"
    },
    {
        "Name":  "UI0Detect",
        "DisplayName":  "Interactive Services Detection",
        "Status":  1,
        "MachineName":  "chi-dc04",
        "Audit":  "06/04/20"
    },
    {
        "Name":  "UmRdpService",
        "DisplayName":  "Remote Desktop Services UserMode Port Redirector",
        "Status":  4,
        "MachineName":  "chi-dc04",
        "Audit":  "06/04/20"
    },
    {
        "Name":  "upnphost",
        "DisplayName":  "UPnP Device Host",
        "Status":  1,
        "MachineName":  "chi-dc04",
        "Audit":  "06/04/20"
    },
    {
        "Name":  "VaultSvc",
        "DisplayName":  "Credential Manager",
        "Status":  1,
        "MachineName":  "chi-dc04",
        "Audit":  "06/04/20"
    },
    {
        "Name":  "vds",
        "DisplayName":  "Virtual Disk",
        "Status":  4,
        "MachineName":  "chi-dc04",
        "Audit":  "06/04/20"
    },
    {
        "Name":  "vmicguestinterface",
        "DisplayName":  "Hyper-V Guest Service Interface",
        "Status":  4,
        "MachineName":  "chi-dc04",
        "Audit":  "06/04/20"
    },
    {
        "Name":  "vmicheartbeat",
        "DisplayName":  "Hyper-V Heartbeat Service",
        "Status":  4,
        "MachineName":  "chi-dc04",
        "Audit":  "06/04/20"
    },
    {
        "Name":  "vmickvpexchange",
        "DisplayName":  "Hyper-V Data Exchange Service",
        "Status":  4,
        "MachineName":  "chi-dc04",
        "Audit":  "06/04/20"
    },
    {
        "Name":  "vmicrdv",
        "DisplayName":  "Hyper-V Remote Desktop Virtualization Service",
        "Status":  4,
        "MachineName":  "chi-dc04",
        "Audit":  "06/04/20"
    },
    {
        "Name":  "vmicshutdown",
        "DisplayName":  "Hyper-V Guest Shutdown Service",
        "Status":  4,
        "MachineName":  "chi-dc04",
        "Audit":  "06/04/20"
    },
    {
        "Name":  "vmictimesync",
        "DisplayName":  "Hyper-V Time Synchronization Service",
        "Status":  4,
        "MachineName":  "chi-dc04",
        "Audit":  "06/04/20"
    },
    {
        "Name":  "vmicvss",
        "DisplayName":  "Hyper-V Volume Shadow Copy Requestor",
        "Status":  4,
        "MachineName":  "chi-dc04",
        "Audit":  "06/04/20"
    },
    {
        "Name":  "VSS",
        "DisplayName":  "Volume Shadow Copy",
        "Status":  4,
        "MachineName":  "chi-dc04",
        "Audit":  "06/04/20"
    },
    {
        "Name":  "W32Time",
        "DisplayName":  "Windows Time",
        "Status":  4,
        "MachineName":  "chi-dc04",
        "Audit":  "06/04/20"
    },
    {
        "Name":  "W3SVC",
        "DisplayName":  "World Wide Web Publishing Service",
        "Status":  4,
        "MachineName":  "chi-dc04",
        "Audit":  "06/04/20"
    },
    {
        "Name":  "WAS",
        "DisplayName":  "Windows Process Activation Service",
        "Status":  4,
        "MachineName":  "chi-dc04",
        "Audit":  "06/04/20"
    },
    {
        "Name":  "wbengine",
        "DisplayName":  "Block Level Backup Engine Service",
        "Status":  1,
        "MachineName":  "chi-dc04",
        "Audit":  "06/04/20"
    },
    {
        "Name":  "WcsPlugInService",
        "DisplayName":  "Windows Color System",
        "Status":  1,
        "MachineName":  "chi-dc04",
        "Audit":  "06/04/20"
    },
    {
        "Name":  "WdiServiceHost",
        "DisplayName":  "Diagnostic Service Host",
        "Status":  1,
        "MachineName":  "chi-dc04",
        "Audit":  "06/04/20"
    },
    {
        "Name":  "WdiSystemHost",
        "DisplayName":  "Diagnostic System Host",
        "Status":  1,
        "MachineName":  "chi-dc04",
        "Audit":  "06/04/20"
    },
    {
        "Name":  "Wecsvc",
        "DisplayName":  "Windows Event Collector",
        "Status":  1,
        "MachineName":  "chi-dc04",
        "Audit":  "06/04/20"
    },
    {
        "Name":  "wercplsupport",
        "DisplayName":  "Problem Reports and Solutions Control Panel Support",
        "Status":  1,
        "MachineName":  "chi-dc04",
        "Audit":  "06/04/20"
    },
    {
        "Name":  "WerSvc",
        "DisplayName":  "Windows Error Reporting Service",
        "Status":  1,
        "MachineName":  "chi-dc04",
        "Audit":  "06/04/20"
    },
    {
        "Name":  "WinHttpAutoProxySvc",
        "DisplayName":  "WinHTTP Web Proxy Auto-Discovery Service",
        "Status":  4,
        "MachineName":  "chi-dc04",
        "Audit":  "06/04/20"
    },
    {
        "Name":  "Winmgmt",
        "DisplayName":  "Windows Management Instrumentation",
        "Status":  4,
        "MachineName":  "chi-dc04",
        "Audit":  "06/04/20"
    },
    {
        "Name":  "WinRM",
        "DisplayName":  "Windows Remote Management (WS-Management)",
        "Status":  4,
        "MachineName":  "chi-dc04",
        "Audit":  "06/04/20"
    },
    {
        "Name":  "wmiApSrv",
        "DisplayName":  "WMI Performance Adapter",
        "Status":  4,
        "MachineName":  "chi-dc04",
        "Audit":  "06/04/20"
    },
    {
        "Name":  "WPDBusEnum",
        "DisplayName":  "Portable Device Enumerator Service",
        "Status":  1,
        "MachineName":  "chi-dc04",
        "Audit":  "06/04/20"
    },
    {
        "Name":  "WSService",
        "DisplayName":  "Windows Store Service (WSService)",
        "Status":  1,
        "MachineName":  "chi-dc04",
        "Audit":  "06/04/20"
    },
    {
        "Name":  "wuauserv",
        "DisplayName":  "Windows Update",
        "Status":  1,
        "MachineName":  "chi-dc04",
        "Audit":  "06/04/20"
    },
    {
        "Name":  "wudfsvc",
        "DisplayName":  "Windows Driver Foundation - User-mode Driver Framework",
        "Status":  1,
        "MachineName":  "chi-dc04",
        "Audit":  "06/04/20"
    }
]
