#TYPE System.ServiceProcess.ServiceController
"Name","RequiredServices","CanPauseAndContinue","CanShutdown","CanStop","DisplayName","DependentServices","MachineName","ServiceName","ServicesDependedOn","ServiceHandle","Status","ServiceType","StartType","Site","Container"
"WinDefend","System.ServiceProcess.ServiceController[]","False","False","False","Microsoft Defender Antivirus Service","System.ServiceProcess.ServiceController[]",".","WinDefend","System.ServiceProcess.ServiceController[]",,"Stopped","Win32OwnProcess","Manual",,
"WinHttpAutoProxySvc","System.ServiceProcess.ServiceController[]","False","True","False","WinHTTP Web Proxy Auto-Discovery Service","System.ServiceProcess.ServiceController[]",".","WinHttpAutoProxySvc","System.ServiceProcess.ServiceController[]",,"Running","Win32OwnProcess, Win32ShareProcess","Manual",,
"Winmgmt","System.ServiceProcess.ServiceController[]","True","True","True","Windows Management Instrumentation","System.ServiceProcess.ServiceController[]",".","Winmgmt","System.ServiceProcess.ServiceController[]","SafeServiceHandle","Running","Win32OwnProcess, Win32ShareProcess","Automatic",,
"WinRM","System.ServiceProcess.ServiceController[]","False","True","True","Windows Remote Management (WS-Management)","System.ServiceProcess.ServiceController[]",".","WinRM","System.ServiceProcess.ServiceController[]","SafeServiceHandle","Running","Win32OwnProcess, Win32ShareProcess","Automatic",,
